{
  "project_info": {
    "project_number": "35014253999",
    "project_id": "socialengineermedia",
    "storage_bucket": "socialengineermedia.appspot.com"
  },
  "client": [
    {
      "client_info": {
        "mobilesdk_app_id": "1:35014253999:android:14852ca7c27a8f7a38a35a",
        "android_client_info": {
          "package_name": "com.example.socialmedia"
        }
      },
      "oauth_client": [
        {
          "client_id": "35014253999-ktu58vad0mrskl1s7vhuau0ttbgqvlnu.apps.googleusercontent.com",
          "client_type": 3
        }
      ],
      "api_key": [
        {
          "current_key": "AIzaSyBYblGj8rLalCcwvvhTS0kgNMX7s9moOeo"
        }
      ],
      "services": {
        "appinvite_service": {
          "other_platform_oauth_client": [
            {
              "client_id": "35014253999-ktu58vad0mrskl1s7vhuau0ttbgqvlnu.apps.googleusercontent.com",
              "client_type": 3
            }
          ]
        }
      }
    }
  ],
  "configuration_version": "1"
}